Ticker,Company_Name
KREN,Quantum Clovera Investama Tbk. (Utama)
BKSL,Sentul City Tbk. (Utama)
DEAL,Dewata Freightinternational Tb (Pemantauan Khusus)
MSTI,Mastersystem Infotama Tbk. (Utama)
VTNY,Venteny Fortuna International (Pengembangan)
MTRA,Mitra Pemuda Tbk. (Pemantauan Khusus)
MTMH,Murni Sadar Tbk. (Utama)
META,Nusantara Infrastructure Tbk. (Pengembangan)
BIPI,Astrindo Nusantara Infrastrukt (Pengembangan)
FMII,Fortune Mate Indonesia Tbk (Pengembangan)
MTFN,Capitalinc Investment Tbk. (Pemantauan Khusus)
CNKO,Exploitasi Energi Indonesia Tb (Pemantauan Khusus)
RIMO,Rimo International Lestari Tbk (Pengembangan)
TRON,Teknologi Karya Digital Nusa T (Pengembangan)
ADES,Akasha Wira International Tbk. (Utama)
JSMR,Jasa Marga (Persero) Tbk. (Utama)
KLBF,Kalbe Farma Tbk. (Utama)
MEDS,Hetzer Medical Indonesia Tbk. (Pengembangan)
RAAM,Tripar Multivision Plus Tbk. (Utama)
DCII,DCI Indonesia Tbk. (Pengembangan)
PADA,Personel Alih Daya Tbk. (Pengembangan)
DNAR,Bank Oke Indonesia Tbk. (Pengembangan)
INDR,Indo-Rama Synthetics Tbk. (Pengembangan)
VINS,Victoria Insurance Tbk. (Pengembangan)
ASLI,Asri Karya Lestari Tbk. (Pengembangan)
EDGE,Indointernet Tbk. (Pengembangan)
MAGP,Multi Agro Gemilang Plantation (Pengembangan)
PWON,Pakuwon Jati Tbk. (Utama)
POWR,Cikarang Listrindo Tbk. (Utama)
PPGL,Prima Globalindo Logistik Tbk. (Akselerasi)
BATA,Sepatu Bata Tbk. (Pemantauan Khusus)
TCPI,Transcoal Pacific Tbk. (Pengembangan)
AEGS,Anugerah Spareparts Sejahtera (Akselerasi)
JATI,Informasi Teknologi Indonesia (Pengembangan)
MTLA,Metropolitan Land Tbk. (Utama)
POLU,Golden Flower Tbk. (Pengembangan)
PRDA,Prodia Widyahusada Tbk. (Utama)
SRSN,Indo Acidatama Tbk (Pengembangan)
BCAP,MNC Kapital Indonesia Tbk. (Utama)
BOAT,Newport Marine Services Tbk. (Pengembangan)
TOBA,TBS Energi Utama Tbk. (Utama)
BINO,Perma Plasindo Tbk. (Pengembangan)
KKGI,Resource Alam Indonesia Tbk. (Utama)
BLES,Superior Prima Sukses Tbk. (Pengembangan)
SMGR,Semen Indonesia (Persero) Tbk. (Utama)
ADHI,Adhi Karya (Persero) Tbk. (Utama)
PANI,Pantai Indah Kapuk Dua Tbk. (Utama)
NUSA,Sinergi Megah Internusa Tbk. (Pengembangan)
SWID,Saraswanti Indoland Developmen (Pengembangan)
COCO,Wahana Interfood Nusantara Tbk (Pengembangan)
HEXA,Hexindo Adiperkasa Tbk. (Utama)
DAAZ,Daaz Bara Lestari Tbk. (Utama)
ISAT,Indosat Tbk. (Utama)
PGAS,Perusahaan Gas Negara (Persero (Utama)
CYBR,ITSEC Asia Tbk. (Pengembangan)
NISP,Bank OCBC NISP Tbk. (Utama)
ENVY,Envy Technologies Indonesia Tb (Pemantauan Khusus)
GPSO,Geoprima Solusi Tbk. (Pengembangan)
PNBS,Bank Panin Dubai Syariah Tbk. (Pengembangan)
PJAA,Pembangunan Jaya Ancol Tbk. (Pengembangan)
ELPI,Pelayaran Nasional Ekalya Purn (Utama)
BBSI,Krom Bank Indonesia Tbk. (Utama)
ASRM,Asuransi Ramayana Tbk. (Pengembangan)
NINE,Techno9 Indonesia Tbk. (Akselerasi)
SAFE,Steady Safe Tbk (Pengembangan)
ATIC,Anabatic Technologies Tbk. (Pengembangan)
PNSE,Pudjiadi & Sons Tbk. (Pengembangan)
SKBM,Sekar Bumi Tbk. (Pengembangan)
TLDN,Teladan Prima Agro Tbk. (Utama)
ARTA,Arthavest Tbk (Pengembangan)
GJTL,Gajah Tunggal Tbk. (Utama)
SBMA,Surya Biru Murni Acetylene Tbk (Pengembangan)
BRAM,Indo Kordsa Tbk. (Pengembangan)
UDNG,Agro Bahari Nusantara Tbk. (Akselerasi)
BHIT,MNC Asia Holding Tbk. (Utama)
DEFI,Danasupra Erapacific Tbk. (Pengembangan)
UCID,Uni-Charm Indonesia Tbk. (Utama)
PDPP,Primadaya Plastisindo Tbk. (Pengembangan)
ANJT,Austindo Nusantara Jaya Tbk. (Pengembangan)
INDO,Royalindo Investa Wijaya Tbk. (Pengembangan)
LINK,Link Net Tbk. (Pengembangan)
TFAS,Telefast Indonesia Tbk. (Pengembangan)
AALI,Astra Agro Lestari Tbk. (Utama)
AGRS,Bank IBK Indonesia Tbk. (Pengembangan)
ANDI,Andira Agro Tbk. (Pengembangan)
CBUT,Citra Borneo Utama Tbk. (Utama)
SUPA,Super Bank Indonesia Tbk. (Pengembangan)
BCIC,Bank JTrust Indonesia Tbk. (Pengembangan)
ALTO,Tri Banyan Tirta Tbk. (Utama)
VIVA,Visi Media Asia Tbk. (Pengembangan)
LPPF,MDS Retailing Tbk. (Utama)
SAGE,Saptausaha Gemilangindah Tbk. (Pengembangan)
HATM,Habco Trans Maritima Tbk. (Utama)
INCF,Indo Komoditi Korpora Tbk. (Pengembangan)
MGLV,NexAI Digital Infrastruktur Tb (Akselerasi)
BOBA,Formosa Ingredient Factory Tbk (Pengembangan)
WOOD,Integra Indocabinet Tbk. (Utama)
LFLO,Imago Mulia Persada Tbk. (Akselerasi)
APIC,Pacific Strategic Financial Tb (Pengembangan)
BIMA,Primarindo Asia Infrastructure (Pemantauan Khusus)
DGNS,Diagnos Laboratorium Utama Tbk (Pengembangan)
IKAN,Era Mandiri Cemerlang Tbk. (Pengembangan)
SMGA,Sumber Mineral Global Abadi Tb (Pengembangan)
AYLS,Arkayana Lestari Grup Tbk. (Pengembangan)
PPRE,PP Presisi Tbk. (Pengembangan)
ESTA,Esta Multi Usaha Tbk. (Pengembangan)
IRSX,Folago Global Nusantara Tbk. (Pengembangan)
MYOR,Mayora Indah Tbk. (Utama)
DUCK,Jaya Bersama Indo Tbk. (Pengembangan)
JSKY,Sky Energy Indonesia Tbk. (Pemantauan Khusus)
ASII,Astra International Tbk. (Utama)
MINE,Sinar Terang Mandiri Tbk. (Pengembangan)
MBSS,Mitrabahtera Segara Sejati Tbk (Utama)
CARE,Metro Healthcare Indonesia Tbk (Pengembangan)
IBST,Inti Bangun Sejahtera Tbk. (Utama)
ISAP,Isra Presisi Indonesia Tbk. (Akselerasi)
IPOL,Indopoly Swakarsa Industry Tbk (Pengembangan)
LPPS,Lenox Pasifik Investama Tbk. (Pengembangan)
FIMP,Fimperkasa Utama Tbk. (Akselerasi)
MAHA,Mandiri Herindo Adiperkasa Tbk (Utama)
PTPS,Pulau Subur Tbk. (Pengembangan)
PCAR,Prima Cakrawala Abadi Tbk. (Pengembangan)
AGRO,Bank Raya Indonesia Tbk. (Utama)
VOKS,Voksel Electric Tbk. (Pengembangan)
IRRA,Itama Ranoraya Tbk. (Pengembangan)
CARS,Industri dan Perdagangan Bintr (Utama)
TEBE,Dana Brata Luhur Tbk. (Utama)
UNIQ,Ulima Nitra Tbk. (Pengembangan)
LMAS,Limas Indonesia Makmur Tbk (Pemantauan Khusus)
ESTI,Ever Shine Tex Tbk. (Pengembangan)
TRIM,Trimegah Sekuritas Indonesia T (Utama)
FLMC,Falmaco Nonwoven Industri Tbk. (Pemantauan Khusus)
MDKI,Emdeki Utama Tbk. (Pengembangan)
TOOL,Rohartindo Nusantara Luas Tbk. (Pengembangan)
CNMA,Nusantara Sejahtera Raya Tbk. (Pengembangan)
SCPI,Organon Pharma Indonesia Tbk. (Pengembangan)
BTON,Betonjaya Manunggal Tbk. (Pengembangan)
TBIG,Tower Bersama Infrastructure T (Utama)
AADI,Adaro Andalan Indonesia Tbk. (Utama)
CDIA,Chandra Daya Investasi Tbk. (Pengembangan)
GGRP,Gunung Raja Paksi Tbk. (Pengembangan)
KBAG,Karya Bersama Anugerah Tbk. (Pengembangan)
DOOH,Era Media Sejahtera Tbk. (Pengembangan)
ZYRX,Zyrexindo Mandiri Buana Tbk. (Pengembangan)
BEBS,Berkah Beton Sadaya Tbk. (Pengembangan)
ARTO,Bank Jago Tbk. (Utama)
PPRO,PP Properti Tbk. (Utama)
BANK,Bank Aladin Syariah Tbk. (Pengembangan)
TYRE,King Tire Indonesia Tbk. (Pengembangan)
SKYB,Northcliff Citranusa Indonesia (Pengembangan)
MKTR,Menthobi Karyatama Raya Tbk. (Utama)
POLI,Pollux Hotels Group Tbk. (Pengembangan)
INOV,Inocycle Technology Group Tbk. (Pengembangan)
BSSR,Baramulti Suksessarana Tbk. (Utama)
IPPE,Indo Pureco Pratama Tbk. (Pengembangan)
SMBR,Semen Baturaja (Persero) Tbk. (Utama)
MRAT,Mustika Ratu Tbk. (Pengembangan)
BTPN,Bank SMBC Indonesia Tbk. (Utama)
STRK,Lovina Beach Brewery Tbk. (Pengembangan)
FIRE,Alfa Energi Investama Tbk. (Pengembangan)
PBID,Panca Budi Idaman Tbk. (Utama)
BRMS,Bumi Resources Minerals Tbk. (Utama)
NOBU,Bank Nationalnobu Tbk. (Utama)
PORT,Nusantara Pelabuhan Handal Tbk (Utama)
PAMG,Bima Sakti Pertiwi Tbk. (Pengembangan)
UNSP,Bakrie Sumatera Plantations Tb (Pengembangan)
ARKO,Arkora Hydro Tbk. (Pengembangan)
RUIS,Radiant Utama Interinsco Tbk. (Pengembangan)
CASS,Cahaya Aero Services Tbk. (Utama)
NEST,Esta Indonesia Tbk. (Pengembangan)
NZIA,Nusantara Almazia Tbk. (Pengembangan)
ZATA,Bersama Zatta Jaya Tbk. (Pengembangan)
BLTA,Berlian Laju Tanker Tbk (Utama)
CRSN,Carsurin Tbk. (Pengembangan)
CBPE,Citra Buana Prasida Tbk. (Pengembangan)
TIRT,Tirta Mahakam Resources Tbk (Pemantauan Khusus)
SOFA,Solusi Environment Asia Tbk. (Akselerasi)
BPII,Batavia Prosperindo Internasio (Pengembangan)
TRUS,Trust Finance Indonesia Tbk (Pengembangan)
ASSA,Adi Sarana Armada Tbk. (Utama)
BACA,Bank Capital Indonesia Tbk. (Utama)
BAPI,Bhakti Agung Propertindo Tbk. (Pengembangan)
MORA,Ekamas Mora Republik Tbk. (Utama)
CBMF,Cahaya Bintang Medan Tbk. (Pengembangan)
UNTD,Terang Dunia Internusa Tbk. (Pengembangan)
KICI,Kedaung Indah Can Tbk (Pengembangan)
OBMD,OBM Drilchem Tbk. (Pengembangan)
SMMT,Golden Eagle Energy Tbk. (Pengembangan)
MASB,Bank Multiarta Sentosa Tbk. (Utama)
MTEL,Dayamitra Telekomunikasi Tbk. (Utama)
APLI,Asiaplast Industries Tbk. (Pengembangan)
HDIT,Hensel Davest Indonesia Tbk. (Utama)
CANI,Capitol Nusantara Indonesia Tb (Pemantauan Khusus)
LTLS,Lautan Luas Tbk. (Utama)
VISI,Satu Visi Putra Tbk. (Pengembangan)
JRPT,Jaya Real Property Tbk. (Utama)
MREI,Maskapai Reasuransi Indonesia (Pengembangan)
DPNS,Duta Pertiwi Nusantara Tbk. (Pengembangan)
NRCA,Nusa Raya Cipta Tbk. (Pengembangan)
WSKT,Waskita Karya (Persero) Tbk. (Utama)
TIRA,Tira Austenite Tbk (Pengembangan)
PLAS,Polaris Investama Tbk (Pengembangan)
FUJI,Fuji Finance Indonesia Tbk. (Pengembangan)
RAFI,Sari Kreasi Boga Tbk. (Pengembangan)
BUKK,Bukaka Teknik Utama Tbk. (Pengembangan)
TAMU,Pelayaran Tamarin Samudra Tbk. (Pengembangan)
EKAD,Ekadharma International Tbk. (Pengembangan)
BNBA,Bank Bumi Arta Tbk. (Pengembangan)
ARII,Atlas Resources Tbk. (Pengembangan)
ENAK,Champ Resto Indonesia Tbk. (Pengembangan)
HITS,Humpuss Intermoda Transportasi (Pengembangan)
ROTI,Nippon Indosari Corpindo Tbk. (Pengembangan)
GOOD,Garudafood Putra Putri Jaya Tb (Utama)
WICO,Wicaksana Overseas Internation (Pemantauan Khusus)
ADMF,Adira Dinamika Multi Finance T (Pengembangan)
MPRO,Maha Properti Indonesia Tbk. (Pengembangan)
TAMA,Lancartama Sejati Tbk. (Pemantauan Khusus)
IBOS,Indo Boga Sukses Tbk. (Akselerasi)
BMSR,Bintang Mitra Semestaraya Tbk (Pengembangan)
TELE,Omni Inovasi Indonesia Tbk. (Pemantauan Khusus)
PANS,Panin Sekuritas Tbk. (Utama)
FILM,MD Entertainment Tbk. (Utama)
ITMG,Indo Tambangraya Megah Tbk. (Utama)
IBFN,Intan Baru Prana Tbk. (Pemantauan Khusus)
ASPR,Asia Pramulia Tbk. (Pengembangan)
HGII,Hero Global Investment Tbk. (Pengembangan)
JPFA,Japfa Comfeed Indonesia Tbk. (Utama)
DSNG,Dharma Satya Nusantara Tbk. (Utama)
CRAB,Toba Surimi Industries Tbk. (Pengembangan)
MCOR,Bank China Construction Bank I (Utama)
DEWA,Darma Henwa Tbk (Utama)
STTP,Siantar Top Tbk. (Pengembangan)
SOLA,Xolare RCR Energy Tbk. (Pengembangan)
LPKR,Lippo Karawaci Tbk. (Utama)
PDES,Destinasi Tirta Nusantara Tbk (Pengembangan)
ASJT,Asuransi Jasa Tania Tbk. (Pengembangan)
IFSH,Ifishdeco Tbk. (Pengembangan)
RLCO,Abadi Lestari Indonesia Tbk. (Pengembangan)
VICI,Victoria Care Indonesia Tbk. (Utama)
NANO,Nanotech Indonesia Global Tbk. (Akselerasi)
UNTR,United Tractors Tbk. (Utama)
CTTH,Citatah Tbk. (Pengembangan)
BUVA,Bukit Uluwatu Villa Tbk. (Pengembangan)
PBSA,Paramita Bangun Sarana Tbk. (Pengembangan)
CHEM,Chemstar Indonesia Tbk. (Pengembangan)
MNCN,Media Nusantara Citra Tbk. (Utama)
RSGK,Kedoya Adyaraya Tbk. (Pengembangan)
HAJJ,Arsy Buana Travelindo Tbk. (Akselerasi)
BAPA,Bekasi Asri Pemula Tbk. (Pengembangan)
LMPI,Langgeng Makmur Industri Tbk. (Pengembangan)
LUCK,Sentral Mitra Informatika Tbk. (Pengembangan)
NSSS,Nusantara Sawit Sejahtera Tbk. (Pengembangan)
BGTG,Bank Ganesha Tbk. (Utama)
ELTY,Bakrieland Development Tbk. (Pengembangan)
PURE,Trinitan Metals and Minerals T (Pemantauan Khusus)
RDTX,Roda Vivatex Tbk (Pengembangan)
SURI,Maja Agung Latexindo Tbk. (Pengembangan)
SMDR,Samudera Indonesia  Tbk. (Utama)
EMMI,Esa Medika Mandiri Tbk. (Pengembangan)
BEER,Jobubu Jarum Minahasa Tbk. (Pengembangan)
MIKA,Mitra Keluarga Karyasehat Tbk. (Utama)
SOHO,Soho Global Health Tbk. (Pengembangan)
PGEO,Pertamina Geothermal Energy Tb (Utama)
SDMU,Sidomulyo Selaras Tbk. (Pengembangan)
ASRI,Alam Sutera Realty Tbk. (Utama)
ICON,Island Concepts Indonesia Tbk. (Pengembangan)
MTSM,Metro Realty Tbk. (Pengembangan)
ASHA,Cilacap Samudera Fishing Indus (Pengembangan)
BKDP,Bukit Darmo Property Tbk (Pengembangan)
LOPI,Logisticsplus International Tb (Akselerasi)
KBRI,Kertas Basuki Rachmat Indonesi (Pemantauan Khusus)
TRIL,Triwira Insanlestari Tbk. (Pengembangan)
CPRI,Capri Nusa Satu Properti Tbk. (Pengembangan)
HBAT,Minahasa Membangun Hebat Tbk. (Akselerasi)
ITMA,Sumber Energi Andalan Tbk. (Pengembangan)
PADI,Minna Padi Investama Sekuritas (Utama)
WMUU,Widodo Makmur Unggas Tbk. (Pengembangan)
TMPO,Tempo Intimedia Tbk. (Pengembangan)
TRGU,Cerestar Indonesia Tbk. (Utama)
AMAG,Asuransi Multi Artha Guna Tbk. (Utama)
SCCO,Supreme Cable Manufacturing & (Pengembangan)
SPMA,Suparma Tbk. (Pengembangan)
OASA,Maharaksa Biru Energi Tbk. (Pengembangan)
BSDE,Bumi Serpong Damai Tbk. (Utama)
MCOL,Prima Andalan Mandiri Tbk. (Utama)
PURA,Putra Rajawali Kencana Tbk. (Pengembangan)
AGAR,Asia Sejahtera Mina Tbk. (Pengembangan)
CHIP,Pelita Teknologi Global Tbk. (Akselerasi)
ISSP,Steel Pipe Industry of Indones (Utama)
BOGA,Apollo Global Interactive Tbk. (Pengembangan)
JAYA,Armada Berjaya Trans Tbk. (Pengembangan)
YULE,Yulie Sekuritas Indonesia Tbk. (Pengembangan)
TAPG,Triputra Agro Persada Tbk. (Utama)
DMND,Diamond Food Indonesia Tbk. (Utama)
HADE,Himalaya Energi Perkasa Tbk. (Pengembangan)
MINA,Sanurhasta Mitra Tbk. (Pengembangan)
AKKU,Anugerah Kagum Karya Utama Tbk (Pengembangan)
ERAL,Sinar Eka Selaras Tbk. (Utama)
WTON,Wijaya Karya Beton Tbk. (Utama)
PACK,Abadi Nusantara Hijau Investam (Akselerasi)
ASBI,Asuransi Bintang Tbk. (Pengembangan)
CMRY,Cisarua Mountain Dairy Tbk. (Utama)
ESSA,ESSA Industries Indonesia Tbk. (Utama)
PEGE,Panca Global Kapital Tbk. (Pengembangan)
CASH,Cashlez Worldwide Indonesia Tb (Akselerasi)
MIDI,Midi Utama Indonesia Tbk. (Utama)
MANG,Manggung Polahraya Tbk. (Akselerasi)
TRIN,Perintis Triniti Properti Tbk. (Pengembangan)
OMRE,Indonesia Prima Property Tbk (Pengembangan)
BYAN,Bayan Resources Tbk. (Utama)
DART,Duta Anggada Realty Tbk. (Pengembangan)
PNIN,Paninvest Tbk. (Utama)
RMKO,Royaltama Mulia Kontraktorindo (Pengembangan)
ZBRA,Dosni Roha Indonesia Tbk. (Pemantauan Khusus)
IKPM,Ikapharmindo Putramas Tbk. (Pengembangan)
BOLA,Bali Bintang Sejahtera Tbk. (Utama)
BISI,BISI International Tbk. (Utama)
BVIC,Bank Victoria International Tb (Utama)
HILL,Hillcon Tbk. (Pemantauan Khusus)
CLEO,Sariguna Primatirta Tbk. (Utama)
DOSS,Global Sukses Digital Tbk. (Pengembangan)
MUTU,Mutuagung Lestari Tbk. (Pengembangan)
TRIO,Trikomsel Oke Tbk. (Pemantauan Khusus)
GTBO,Garda Tujuh Buana Tbk (Pemantauan Khusus)
NIKL,Pelat Timah Nusantara Tbk. (Pengembangan)
PSAT,Pancaran Samudera Transport Tb (Pengembangan)
TRAM,Trada Alam Minera Tbk. (Pengembangan)
KAEF,Kimia Farma (Persero) Tbk. (Pengembangan)
MLPL,Multipolar Tbk. (Utama)
NICE,Adhi Kartiko Pratama Tbk. (Pengembangan)
BPFI,Woori Finance Indonesia Tbk. (Pengembangan)
BUAH,Segar Kumala Indonesia Tbk. (Pengembangan)
INDY,Indika Energy Tbk. (Utama)
REAL,Repower Asia Indonesia Tbk. (Pengembangan)
GPRA,Perdana Gapuraprima Tbk. (Pengembangan)
EURO,Estee Gold Feet Tbk. (Akselerasi)
PSDN,Prasidha Aneka Niaga Tbk (Pengembangan)
TDPM,Tianrong Chemicals Industry Tb (Pemantauan Khusus)
GRPH,Griptha Putra Persada Tbk. (Pengembangan)
PTMR,Master Print Tbk. (Pengembangan)
WOMF,Wahana Ottomitra Multiartha Tb (Pengembangan)
INRU,Toba Pulp Lestari Tbk. (Pengembangan)
GLVA,Galva Technologies Tbk. (Utama)
BMBL,Lavender Bina Cendikia Tbk. (Akselerasi)
NATO,Olympus Strategic Indonesia Tb (Pengembangan)
MEJA,Harta Djaya Karya Tbk. (Akselerasi)
SWAT,Sriwahana Adityakarta Tbk. (Pengembangan)
IDEA,Idea Indonesia Akademi Tbk. (Akselerasi)
MAYA,Bank Mayapada Internasional Tb (Utama)
WINR,Winner Nusantara Jaya Tbk. (Utama)
TBMS,Tembaga Mulia Semanan Tbk. (Pengembangan)
LAND,Trimitra Propertindo Tbk. (Pengembangan)
MYOH,Samindo Resources Tbk. (Pengembangan)
ALII,Ancara Logistics Indonesia Tbk (Utama)
DSFI,Dharma Samudera Fishing Indust (Pengembangan)
SMCB,Solusi Bangun Indonesia Tbk. (Utama)
GULA,Aman Agrindo Tbk. (Pengembangan)
ADMG,Polychem Indonesia Tbk (Pengembangan)
TFCO,Tifico Fiber Indonesia Tbk. (Pengembangan)
ROCK,Rockfields Properti Indonesia (Pengembangan)
POOL,Pool Advista Indonesia Tbk. (Pengembangan)
PMJS,Putra Mandiri Jembar Tbk. (Pengembangan)
FUTR,Futura Energi Global Tbk. (Pengembangan)
HDFA,Radana Bhaskara Finance Tbk. (Pengembangan)
LCGP,Eureka Prima Jakarta Tbk. (Pengembangan)
ADRO,Alamtri Resources Indonesia Tb (Utama)
HOPE,Harapan Duta Pertiwi Tbk. (Pengembangan)
LAJU,Jasa Berdikari Logistics Tbk. (Pengembangan)
AIMS,Artha Mahiya Investama Tbk. (Pengembangan)
AMMN,Amman Mineral Internasional Tb (Utama)
ARCI,Archi Indonesia Tbk. (Pengembangan)
MPOW,Megapower Makmur Tbk. (Pengembangan)
NICK,Charnic Capital Tbk. (Pengembangan)
POSA,Bliss Properti Indonesia Tbk. (Pemantauan Khusus)
RBMS,Ristia Bintang Mahkotasejati T (Pengembangan)
DPUM,Dua Putra Utama Makmur Tbk. (Pengembangan)
INPP,Indonesian Paradise Property T (Pengembangan)
AGII,Samator Indo Gas Tbk. (Pengembangan)
BATR,Benteng Api Technic Tbk. (Pengembangan)
HALO,Haloni Jane Tbk. (Pengembangan)
KIJA,Kawasan Industri Jababeka Tbk. (Utama)
PTRO,Petrosea Tbk. (Utama)
SUGI,Sugih Energy Tbk. (Pengembangan)
BPTR,Batavia Prosperindo Trans Tbk. (Pengembangan)
VERN,Verona Indah Pictures Tbk. (Pengembangan)
GRPM,Graha Prima Mentari Tbk. (Akselerasi)
TGUK,Platinum Wahab Nusantara Tbk. (Pemantauan Khusus)
KONI,Perdana Bangun Pusaka Tbk (Pengembangan)
BMHS,Bundamedik Tbk. (Utama)
MICE,Multi Indocitra Tbk. (Pengembangan)
PMUI,Prima Multi Usaha Indonesia Tb (Pengembangan)
UNIT,Nusantara Inti Corpora Tbk (Pengembangan)
AKRA,AKR Corporindo Tbk. (Utama)
KRYA,Bangun Karya Perkasa Jaya Tbk. (Pengembangan)
SMRU,SMR Utama Tbk. (Pemantauan Khusus)
BBHI,Allo Bank Indonesia Tbk. (Utama)
DVLA,Darya-Varia Laboratoria Tbk. (Pengembangan)
HUMI,Humpuss Maritim Internasional (Pengembangan)
SQMI,Wilton Makmur Indonesia Tbk. (Pengembangan)
MTPS,Meta Epsi Tbk. (Pemantauan Khusus)
CUAN,Petrindo Jaya Kreasi Tbk. (Utama)
BIPP,Bhuwanatala Indah Permai Tbk. (Pengembangan)
MBMA,Merdeka Battery Materials Tbk. (Utama)
MTDL,Metrodata Electronics Tbk. (Utama)
TPIA,Chandra Asri Pacific Tbk. (Utama)
WIDI,Widiant Jaya Krenindo Tbk. (Akselerasi)
SICO,Sigma Energy Compressindo Tbk. (Pengembangan)
BTPS,Bank BTPN Syariah Tbk. (Utama)
IMPC,Impack Pratama Industri Tbk. (Utama)
BHAT,Bhakti Multi Artha Tbk. (Pengembangan)
ENZO,Morenzo Abadi Perkasa Tbk. (Pengembangan)
DUTI,Duta Pertiwi Tbk (Pengembangan)
LEAD,Logindo Samudramakmur Tbk. (Pengembangan)
FORE,Fore Kopi Indonesia Tbk. (Pengembangan)
JELI,Niramas Utama Tbk. (Pengembangan)
WEGE,Wijaya Karya Bangunan Gedung T (Pengembangan)
BESS,Batulicin Nusantara Maritim Tb (Pengembangan)
GDST,Gunawan Dianjaya Steel Tbk. (Pengembangan)
KBLM,Kabelindo Murni Tbk. (Pengembangan)
TECH,Indosterling Technomedia Tbk. (Pengembangan)
LAPD,Leyand International Tbk. (Pengembangan)
ARMY,Armidian Karyatama Tbk. (Pengembangan)
IMAS,Indomobil Sukses Internasional (Utama)
BCIP,Bumi Citra Permai Tbk. (Pengembangan)
DILD,Intiland Development Tbk. (Utama)
ALDO,Alkindo Naratama Tbk. (Utama)
CLPI,Colorpak Indonesia Tbk. (Pengembangan)
DNET,Indoritel Makmur Internasional (Utama)
PANR,Panorama Sentrawisata Tbk. (Pengembangan)
FOLK,Multi Garam Utama Tbk. (Pengembangan)
SOCI,Soechi Lines Tbk. (Pengembangan)
KJEN,Krida Jaringan Nusantara Tbk. (Pengembangan)
MLPT,Multipolar Technology Tbk. (Pengembangan)
APII,Arita Prima Indonesia Tbk. (Pengembangan)
DGIK,Nusa Konstruksi Enjiniring Tbk (Pengembangan)
PBRX,Pan Brothers Tbk. (Utama)
BINA,Bank Ina Perdana Tbk. (Utama)
DATA,Remala Abadi Tbk. (Pengembangan)
ETWA,Eterindo Wahanatama Tbk (Pemantauan Khusus)
HYGN,Ecocare Indo Pasifik Tbk. (Pengembangan)
GWSA,Greenwood Sejahtera Tbk. (Pengembangan)
TGRA,Terregra Asia Energy Tbk. (Pemantauan Khusus)
JTPE,Jasuindo Tiga Perkasa Tbk. (Utama)
ARGO,Argo Pantes Tbk (Pengembangan)
KEEN,Kencana Energi Lestari Tbk. (Utama)
TCID,Mandom Indonesia Tbk. (Pengembangan)
SNLK,Sunter Lakeside Hotel Tbk. (Pengembangan)
BOSS,Borneo Olah Sarana Sukses Tbk. (Pemantauan Khusus)
COIN,Indokripto Koin Semesta Tbk. (Pengembangan)
BBLD,Buana Finance Tbk. (Pengembangan)
AREA,Dunia Virtual Online Tbk. (Pengembangan)
PYFA,Pyridam Farma Tbk (Pengembangan)
KRAS,Krakatau Steel (Persero) Tbk. (Pengembangan)
BEKS,Bank Pembangunan Daerah Banten (Pengembangan)
KDTN,Puri Sentul Permai Tbk. (Pengembangan)
OILS,Indo Oil Perkasa Tbk. (Pengembangan)
PGLI,Pembangunan Graha Lestari Inda (Pengembangan)
VRNA,Mizuho Leasing Indonesia Tbk. (Pengembangan)
PTSP,Pioneerindo Gourmet Internatio (Pengembangan)
PTDU,Djasa Ubersakti Tbk. (Pemantauan Khusus)
GRIA,Ingria Pratama Capitalindo Tbk (Pengembangan)
EMAS,Merdeka Gold Resources Tbk. (Pengembangan)
CLAY,Citra Putra Realty Tbk. (Pengembangan)
PKPK,Paragon Karya Perkasa Tbk. (Pengembangan)
FAPA,FAP Agri Tbk. (Pengembangan)
CTRA,Ciputra Development Tbk. (Utama)
TOTO,Surya Toto Indonesia Tbk. (Utama)
TRST,Trias Sentosa Tbk. (Pengembangan)
SMRA,Summarecon Agung Tbk. (Utama)
TKIM,Pabrik Kertas Tjiwi Kimia Tbk. (Utama)
BACH,Bach Multi Global Tbk. (Utama)
BBRI,Bank Rakyat Indonesia (Persero (Utama)
INKP,Indah Kiat Pulp & Paper Tbk. (Utama)
KOTA,DMS Propertindo Tbk. (Utama)
AXIO,Tera Data Indonusa Tbk. (Pengembangan)
BUKA,Bukalapak.com Tbk. (Ekonomi Baru)
FISH,FKS Multi Agro Tbk. (Utama)
SATU,Kota Satu Properti Tbk. (Pengembangan)
GOLL,Golden Plantation Tbk. (Pemantauan Khusus)
SIPD,Sreeya Sewu Indonesia Tbk. (Pengembangan)
BALI,Bali Towerindo Sentra Tbk. (Utama)
NFCX,NFC Indonesia Tbk. (Pengembangan)
CINT,Chitose Internasional Tbk. (Pengembangan)
MMIX,Multi Medika Internasional Tbk (Pengembangan)
CCSI,Communication Cable Systems In (Pengembangan)
ELIT,Data Sinergitama Jaya Tbk. (Pengembangan)
KBLI,KMI Wire & Cable Tbk. (Utama)
OCAP,Onix Capital Tbk. (Pemantauan Khusus)
PNLF,Panin Financial Tbk. (Utama)
YPAS,Yanaprima Hastapersada Tbk (Pengembangan)
DKHH,Cipta Sarana Medika Tbk. (Pengembangan)
GGRM,Gudang Garam Tbk. (Utama)
TNCA,Trimuda Nuansa Citra Tbk. (Pengembangan)
LMSH,Lionmesh Prima Tbk. (Pengembangan)
GUNA,Gunanusa Eramandiri Tbk. (Pengembangan)
LIVE,Homeco Victoria Makmur Tbk. (Pengembangan)
SKLT,Sekar Laut Tbk. (Pengembangan)
SIMA,Siwani Makmur Tbk (Pemantauan Khusus)
JAWA,Jaya Agra Wattie Tbk. (Pengembangan)
MGNA,Magna Investama Mandiri Tbk. (Pengembangan)
TOYS,Sunindo Adipersada Tbk. (Pemantauan Khusus)
NIRO,City Retail Developments Tbk. (Pengembangan)
ACST,Acset Indonusa Tbk. (Pemantauan Khusus)
LPGI,Lippo General Insurance Tbk. (Pengembangan)
SMLE,Sinergi Multi Lestarindo Tbk. (Pengembangan)
GOLD,Visi Telekomunikasi Infrastruk (Pengembangan)
LPIN,Multi Prima Sejahtera Tbk (Pengembangan)
LABA,Green Power Group Tbk. (Pengembangan)
SCNP,Selaras Citra Nusantara Perkas (Pengembangan)
RODA,Pikko Land Development Tbk. (Pengembangan)
CAKK,Cahayaputra Asa Keramik Tbk. (Pengembangan)
ULTJ,Ultrajaya Milk Industry & Trad (Utama)
PRIM,Royal Prima Tbk. (Pengembangan)
BRPT,Barito Pacific Tbk. (Utama)
AMFG,Asahimas Flat Glass Tbk. (Pengembangan)
MEGA,Bank Mega Tbk. (Utama)
BFIN,BFI Finance  Indonesia Tbk. (Utama)
KOPI,Mitra Energi Persada Tbk. (Pengembangan)
MAPA,Map Aktif Adiperkasa Tbk. (Utama)
SSMS,Sawit Sumbermas Sarana Tbk. (Utama)
GMTD,Gowa Makassar Tourism Developm (Pengembangan)
BABP,Bank MNC Internasional Tbk. (Pengembangan)
PTBA,Bukit Asam (Persero) Tbk. (Utama)
SCMA,Surya Citra Media Tbk. (Utama)
JECC,Jembo Cable Company Tbk. (Pengembangan)
SPRE,Soraya Berjaya Indonesia Tbk. (Akselerasi)
MEDC,Medco Energi Internasional Tbk (Utama)
ESIP,Sinergi Inti Plastindo Tbk. (Pengembangan)
SMIL,Sarana Mitra Luas Tbk. (Utama)
COWL,Cowell Development Tbk. (Pemantauan Khusus)
IMJS,Indomobil Multi Jasa Tbk. (Pengembangan)
APLN,Agung Podomoro Land Tbk. (Utama)
SMKL,Satyamitra Kemas Lestari Tbk. (Pengembangan)
DSSA,Dian Swastatika Sentosa Tbk (Utama)
JIHD,Jakarta International Hotels & (Utama)
EMTK,Elang Mahkota Teknologi Tbk. (Utama)
EXCL,XLSMART Telecom Sejahtera Tbk. (Utama)
HKMU,HK Metals Utama Tbk. (Pemantauan Khusus)
MOLI,Madusari Murni Indah Tbk. (Pengembangan)
SUPR,Solusi Tunas Pratama Tbk. (Pengembangan)
LION,Lion Metal Works Tbk. (Pengembangan)
NAIK,Adiwarna Anugerah Abadi Tbk. (Pengembangan)
DMAS,Puradelta Lestari Tbk. (Utama)
JGLE,Graha Andrasentra Propertindo (Pengembangan)
SAPX,Satria Antaran Prima Tbk. (Pengembangan)
LMAX,Lupromax Pelumas Indonesia Tbk (Akselerasi)
GZCO,Gozco Plantations Tbk. (Utama)
CITA,Cita Mineral Investindo Tbk. (Utama)
MLBI,Multi Bintang Indonesia Tbk. (Utama)
SUNI,Sunindo Pratama Tbk. (Utama)
MDKA,Merdeka Copper Gold Tbk. (Utama)
BULL,Buana Lintas Lautan Tbk. (Pengembangan)
INDF,Indofood Sukses Makmur Tbk. (Utama)
ASGR,Astra Graphia Tbk. (Utama)
SONA,Sona Topas Tourism Industry Tb (Pengembangan)
MBAP,Mitrabara Adiperdana Tbk. (Pengembangan)
PTPP,PP (Persero) Tbk. (Utama)
KING,Hoffmen Cleanindo Tbk. (Akselerasi)
KPIG,MNC Tourism Indonesia Tbk. (Utama)
CSAP,Catur Sentosa Adiprana Tbk. (Pengembangan)
TALF,Tunas Alfin Tbk. (Pengembangan)
CGAS,Citra Nusantara Gemilang Tbk. (Pengembangan)
WEHA,WEHA Transportasi Indonesia Tb (Pengembangan)
TMAS,Temas Tbk. (Utama)
CPIN,Charoen Pokphand Indonesia Tbk (Utama)
TRUE,Triniti Dinamik Tbk. (Pengembangan)
CAMP,Campina Ice Cream Industry Tbk (Pengembangan)
PGUN,Pradiksi Gunatama Tbk. (Pengembangan)
VAST,Vastland Indonesia Tbk. (Pengembangan)
KLIN,Klinko Karya Imaji Tbk. (Akselerasi)
RGAS,Kian Santang Muliatama Tbk. (Pengembangan)
NASA,Andalan Perkasa Abadi Tbk. (Pengembangan)
BTEL,Bakrie Telecom Tbk. (Pemantauan Khusus)
MABA,Marga Abhinaya Abadi Tbk. (Pemantauan Khusus)
RANC,Supra Boga Lestari Tbk. (Pengembangan)
SMAR,Sinar Mas Agro Resources and T (Utama)
SAMF,Saraswanti Anugerah Makmur Tbk (Utama)
BRNA,Berlina Tbk. (Pengembangan)
SPTO,Surya Pertiwi Tbk. (Utama)
LSIP,PP London Sumatra Indonesia Tb (Utama)
BBMD,Bank Mestika Dharma Tbk. (Utama)
WIRG,WIR ASIA Tbk. (Pengembangan)
AKSI,Mineral Sumberdaya Mandiri Tbk (Pengembangan)
MSIE,Multisarana Intan Eduka Tbk. (Akselerasi)
PNGO,AEP Pinago Plantations Tbk. (Utama)
POLA,Pool Advista Finance Tbk. (Pengembangan)
SRTG,Saratoga Investama Sedaya Tbk. (Utama)
KSIX,Kentanix Supra International T (Pengembangan)
ERAA,Erajaya Swasembada Tbk. (Utama)
PEHA,Phapros Tbk. (Pengembangan)
UVCR,Trimegah Karya Pratama Tbk. (Pengembangan)
WBSA,BSA Logistics Indonesia Tbk. (Pengembangan)
BREN,Barito Renewables Energy Tbk. (Utama)
MCAS,M Cash Integrasi Tbk. (Pengembangan)
CPRO,Central Proteina Prima Tbk. (Pengembangan)
AISA,FKS Food Sejahtera Tbk. (Utama)
KOCI,Kokoh Exa Nusantara Tbk. (Pengembangan)
SKRN,Superkrane Mitra Utama Tbk. (Utama)
FORU,Fortune Indonesia Tbk (Pengembangan)
SHID,Hotel Sahid Jaya International (Pengembangan)
PTMP,Mitra Pack Tbk. (Pengembangan)
KIOS,Kioson Komersial Indonesia Tbk (Pengembangan)
INDS,Indospring Tbk. (Pengembangan)
MPXL,MPX Logistics International Tb (Pengembangan)
MSKY,MNC Sky Vision Tbk. (Pengembangan)
WMPP,Widodo Makmur Perkasa Tbk. (Utama)
BJBR,Bank Pembangunan Daerah Jawa B (Utama)
OKAS,Ancora Indonesia Resources Tbk (Pengembangan)
RIGS,Rig Tenders Indonesia Tbk. (Pengembangan)
UNIC,Unggul Indah Cahaya Tbk. (Utama)
TOPS,Totalindo Eka Persada Tbk. (Pemantauan Khusus)
INPC,Bank Artha Graha Internasional (Utama)
PRAY,Famon Awal Bros Sedaya Tbk. (Utama)
AMRT,Sumber Alfaria Trijaya Tbk. (Utama)
DIGI,Arkadia Digital Media Tbk. (Pemantauan Khusus)
SLIS,Gaya Abadi Sempurna Tbk. (Pengembangan)
WIKA,Wijaya Karya (Persero) Tbk. (Pengembangan)
INCI,Intanwijaya Internasional Tbk (Pengembangan)
EPMT,Enseval Putera Megatrading Tbk (Utama)
BUDI,Budi Starch & Sweetener Tbk. (Utama)
IGAR,Champion Pacific Indonesia Tbk (Pengembangan)
INAF,Indofarma Tbk. (Pemantauan Khusus)
BNLI,Bank Permata Tbk. (Utama)
JKON,Jaya Konstruksi Manggala Prata (Utama)
SOUL,Mitra Tirta Buwana Tbk. (Akselerasi)
YUPI,Yupi Indo Jelly Gum Tbk. (Utama)
FITT,Fortune Resources Investment T (Pengembangan)
ALMI,Alumindo Light Metal Industry (Pengembangan)
KINO,Kino Indonesia Tbk. (Pengembangan)
PSGO,Palma Serasih Tbk. (Utama)
INPS,Indah Prakasa Sentosa Tbk. (Pemantauan Khusus)
KLAS,Pelayaran Kurnia Lautan Semest (Pengembangan)
MSJA,Multi Spunindo Jaya Tbk. (Pengembangan)
LRNA,Eka Sari Lorena Transport Tbk. (Pengembangan)
DGWG,Delta Giri Wacana Tbk. (Utama)
BDKR,Berdikari Pondasi Perkasa Tbk. (Utama)
CMPP,AirAsia Indonesia Tbk. (Pemantauan Khusus)
NASI,Wahana Inti Makmur Tbk. (Pengembangan)
MARI,Mahaka Radio Integra Tbk. (Pemantauan Khusus)
IPCM,Jasa Armada Indonesia Tbk. (Utama)
KEJU,Mulia Boga Raya Tbk. (Utama)
SEMA,Semacom Integrated Tbk. (Pengembangan)
SGRO,Prime Agri Resources Tbk. (Utama)
KARW,Meratus Jasa Prima Tbk. (Pemantauan Khusus)
UFOE,Damai Sejahtera Abadi Tbk. (Pengembangan)
RAJA,Rukun Raharja Tbk. (Utama)
UANG,Pakuan Tbk. (Pengembangan)
APEX,Apexindo Pratama Duta Tbk. (Pengembangan)
AHAP,Asuransi Harta Aman Pratama Tb (Pengembangan)
ATAP,Trimitra Prawara Goldland Tbk. (Pengembangan)
INTP,Indocement Tunggal Prakarsa Tb (Utama)
BTEK,Bumi Teknokultura Unggul Tbk (Pengembangan)
TRJA,Transkon Jaya Tbk. (Pengembangan)
JMAS,Asuransi Jiwa Syariah Jasa Mit (Pengembangan)
PTSN,Sat Nusapersada Tbk (Pengembangan)
HELI,Jaya Trishindo Tbk. (Pengembangan)
HOMI,Grand House Mulia Tbk. (Pengembangan)
MAIN,Malindo Feedmill Tbk. (Utama)
FOOD,Sentra Food Indonesia Tbk. (Pemantauan Khusus)
GAMA,Aksara Global Development Tbk. (Utama)
TAYS,Jaya Swarasa Agung Tbk. (Pengembangan)
BBCA,Bank Central Asia Tbk. (Utama)
ASDM,Asuransi Dayin Mitra Tbk. (Pengembangan)
ZINC,Kapuas Prima Coal Tbk. (Pemantauan Khusus)
ACRO,Samcro Hyosung Adilestari Tbk. (Pengembangan)
PPRI,Paperocks Indonesia Tbk. (Pengembangan)
DADA,Diamond Citra Propertindo Tbk. (Pengembangan)
PGJO,Bahtera Bumi Raya Tbk. (Akselerasi)
GEMS,Golden Energy Mines Tbk. (Utama)
COAL,Black Diamond Resources Tbk. (Pemantauan Khusus)
NETV,MDTV Media Technologies Tbk. (Pengembangan)
MITI,Mitra Investindo Tbk. (Pengembangan)
DWGL,Dwi Guna Laksana Tbk. (Pengembangan)
MKAP,Multikarya Asia Pasifik Raya T (Pengembangan)
PJHB,Pelayaran Jaya Hidup Baru Tbk. (Pengembangan)
PEVE,Penta Valent Tbk. (Pengembangan)
RANS,Rans Entertainmen Indonesia Tb (Pengembangan)
HOTL,Saraswati Griya Lestari Tbk. (Pemantauan Khusus)
SMMA,Sinarmas Multiartha Tbk. (Pengembangan)
BLOG,Trimitra Trans Persada Tbk. (Utama)
EPAC,Megalestari Epack Sentosaraya (Pengembangan)
MDIA,Intermedia Capital Tbk. (Pengembangan)
TOWR,Sarana Menara Nusantara Tbk. (Utama)
OLIV,Atlas Nexus Group Tbk. (Akselerasi)
RICY,Ricky Putra Globalindo Tbk (Pengembangan)
SIDO,Industri Jamu dan Farmasi Sido (Utama)
PLAN,Planet Properindo Jaya Tbk. (Akselerasi)
WGSH,Wira Global Solusi Tbk. (Akselerasi)
EMDE,Megapolitan Developments Tbk. (Pengembangan)
AMIN,Ateliers Mecaniques D Indonesi (Pengembangan)
MMLP,Mega Manunggal Property Tbk. (Pengembangan)
BBNI,Bank Negara Indonesia (Persero (Utama)
SGER,Sumber Global Energy Tbk. (Utama)
MAXI,Maxindo Karya Anugerah Tbk. (Pengembangan)
UNVR,Unilever Indonesia Tbk. (Utama)
PSSI,IMC Pelita Logistik Tbk. (Utama)
BRRC,Raja Roti Cemerlang Tbk. (Pemantauan Khusus)
DAYA,Duta Intidaya Tbk. (Pengembangan)
BLTZ,Graha Layar Prima Tbk. (Pengembangan)
CHEK,Diastika Biotekindo Tbk. (Pengembangan)
ATLA,Atlantis Subsea Indonesia Tbk. (Pengembangan)
MSIN,MNC Digital Entertainment Tbk. (Utama)
AMMS,Agung Menjangan Mas Tbk. (Akselerasi)
HOKI,Buyung Poetra Sembada Tbk. (Pengembangan)
MAPB,MAP Boga Adiperkasa Tbk. (Pengembangan)
RONY,Aracord Nusantara Group Tbk. (Pengembangan)
DRMA,Dharma Polimetal Tbk. (Utama)
BWPT,Eagle High Plantations Tbk. (Utama)
TAXI,Express Transindo Utama Tbk. (Utama)
KIAS,Keramika Indonesia Assosiasi T (Pengembangan)
BBSS,Bumi Benowo Sukses Sejahtera T (Pengembangan)
PZZA,Sarimelati Kencana Tbk. (Pengembangan)
LIFE,MSIG Life Insurance Indonesia (Pengembangan)
ECII,Electronic City Indonesia Tbk. (Pengembangan)
WIIM,Wismilak Inti Makmur Tbk. (Utama)
IPCC,Indonesia Kendaraan Terminal T (Utama)
MBTO,Martina Berto Tbk. (Pengembangan)
ANTM,ANTAM (Persero) Tbk. (Utama)
ABBA,Mahaka Media Tbk. (Pemantauan Khusus)
TARA,Agung Semesta Sejahtera Tbk. (Utama)
ELSA,Elnusa Tbk. (Utama)
NICL,PAM Mineral Tbk. (Pengembangan)
JAST,Jasnita Telekomindo Tbk. (Pengembangan)
FASW,Fajar Surya Wisesa Tbk. (Utama)
WAPO,Wahana Pronatural Tbk. (Pengembangan)
TOTL,Total Bangun Persada Tbk. (Utama)
BEST,Bekasi Fajar Industrial Estate (Utama)
PRDL,Prodia Diagnostic Line Tbk. (Pengembangan)
EAST,Eastparc Hotel Tbk. (Pengembangan)
HOME,Hotel Mandarine Regency Tbk. (Pengembangan)
DOID,BUMA Internasional Grup Tbk. (Pengembangan)
RSCH,Charlie Hospital Semarang Tbk. (Pengembangan)
TIFA,KDB Tifa Finance Tbk. (Pengembangan)
GLOB,Globe Kita Terang Tbk. (Pemantauan Khusus)
BMTR,Global Mediacom Tbk. (Utama)
AYAM,Janu Putra Sejahtera Tbk. (Pengembangan)
HAIS,Hasnur Internasional Shipping (Pengembangan)
BRIS,Bank Syariah Indonesia (Perser (Utama)
KAQI,Jantra Grupo Indonesia Tbk. (Pengembangan)
SSTM,Sunson Textile Manufacture Tbk (Pengembangan)
PNBN,Bank Pan Indonesia Tbk (Utama)
INAI,Indal Aluminium Industry Tbk. (Pengembangan)
LUCY,Lima Dua Lima Tiga Tbk. (Akselerasi)
AWAN,Era Digital Media Tbk. (Pengembangan)
JSPT,Jakarta Setiabudi Internasiona (Utama)
BNBR,Bakrie & Brothers Tbk (Pengembangan)
LCKM,LCK Global Kedaton Tbk. (Pengembangan)
CENT,Centratama Telekomunikasi Indo (Pengembangan)
WIFI,Solusi Sinergi Digital Tbk. (Pengembangan)
MENN,Menn Teknologi Indonesia Tbk. (Akselerasi)
PIPA,Oxala Energy International Tbk (Pengembangan)
BAYU,Bayu Buana Tbk (Utama)
BSML,Bintang Samudera Mandiri Lines (Pengembangan)
YELO,Yelooo Integra Datanet Tbk. (Pengembangan)
GDYR,Goodyear Indonesia Tbk. (Pengembangan)
ABDA,Asuransi Bina Dana Arta Tbk. (Pengembangan)
SDRA,Bank Woori Saudara Indonesia 1 (Pengembangan)
KAYU,Darmi Bersaudara Tbk. (Pemantauan Khusus)
CEKA,Wilmar Cahaya Indonesia Tbk. (Pengembangan)
ISEA,Indo American Seafoods Tbk. (Pengembangan)
MAPI,Mitra Adiperkasa Tbk. (Utama)
KOBX,Kobexindo Tractors Tbk. (Pengembangan)
CFIN,Clipan Finance Indonesia Tbk. (Utama)
ALKA,Alakasa Industrindo Tbk (Pengembangan)
DEWI,Dewi Shri Farmindo Tbk. (Pengembangan)
IDPR,Indonesia Pondasi Raya Tbk. (Pengembangan)
SMKM,Sumber Mas Konstruksi Tbk. (Akselerasi)
NELY,Pelayaran Nelly Dwi Putri Tbk. (Pengembangan)
IOTF,Sumber Sinergi Makmur Tbk. (Pengembangan)
BBTN,Bank Tabungan Negara (Persero) (Utama)
BEEF,Estika Tata Tiara Tbk. (Pengembangan)
KMDS,Kurniamitra Duta Sentosa Tbk. (Pengembangan)
AKPI,Argha Karya Prima Industry Tbk (Pengembangan)
NCKL,Trimegah Bangun Persada Tbk. (Pengembangan)
CSIS,Cahayasakti Investindo Sukses (Pengembangan)
PURI,Puri Global Sukses Tbk. (Pengembangan)
ERTX,Eratex Djaja Tbk. (Pengembangan)
MARK,Mark Dynamics Indonesia Tbk. (Utama)
SURE,Super Energy Tbk. (Pengembangan)
ASMI,Asuransi Maximus Graha Persada (Utama)
RALS,Ramayana Lestari Sentosa Tbk. (Utama)
IPAC,Era Graharealty Tbk. (Akselerasi)
DIVA,Distribusi Voucher Nusantara T (Pengembangan)
SBAT,Sejahtera Bintang Abadi Textil (Pemantauan Khusus)
BMAS,Bank Kasikorn Indonesia Tbk. (Pengembangan)
SDPC,Millennium Pharmacon Internati (Pengembangan)
PUDP,Pudjiadi Prestige Tbk. (Pengembangan)
SSIA,Surya Semesta Internusa Tbk. (Utama)
INTA,Intraco Penta Tbk. (Pemantauan Khusus)
PSAB,J Resources Asia Pasifik Tbk. (Pengembangan)
BIKA,Binakarya Jaya Abadi Tbk. (Pemantauan Khusus)
PICO,Pelangi Indah Canindo Tbk (Pengembangan)
SHIP,Sillo Maritime Perdana Tbk. (Utama)
SULI,SLJ Global Tbk. (Pengembangan)
BSIM,Bank Sinarmas Tbk. (Utama)
POLY,Asia Pacific Fibers Tbk (Pemantauan Khusus)
SOTS,Satria Mega Kencana Tbk. (Pengembangan)
GTRA,Grahaprima Suksesmandiri Tbk. (Pengembangan)
RMKE,RMK Energy Tbk. (Utama)
VKTR,VKTR Teknologi Mobilitas Tbk. (Pengembangan)
BDMN,Bank Danamon Indonesia Tbk. (Utama)
SINI,Singaraja Putra Tbk. (Pengembangan)
BBYB,Bank Neo Commerce Tbk. (Utama)
JECX,Nitrasanata Dharma Tbk. (Utama)
RATU,Raharja Energi Cepu Tbk. (Pengembangan)
SFAN,Surya Fajar Capital Tbk. (Pengembangan)
CITY,Natura City Developments Tbk. (Pengembangan)
HRUM,Harum Energy Tbk. (Utama)
NAYZ,Hassana Boga Sejahtera Tbk. (Akselerasi)
GIAA,Garuda Indonesia (Persero) Tbk (Pemantauan Khusus)
RUNS,Global Sukses Solusi Tbk. (Akselerasi)
IATA,Karya Pacific Energy Tbk. (Pengembangan)
CMNP,Citra Marga Nusaphala Persada (Utama)
MPPA,Matahari Putra Prima Tbk. (Pemantauan Khusus)
MYTX,Asia Pacific Investama Tbk. (Pemantauan Khusus)
KETR,Ketrosden Triasmitra Tbk. (Pengembangan)
KOIN,Kokoh Inti Arebama Tbk (Pemantauan Khusus)
SOSS,ALSOK Indonesia Services Tbk. (Pengembangan)
CTBN,Citra Tubindo Tbk. (Pengembangan)
BBKP,Bank KB Indonesia Tbk. (Pengembangan)
LPCK,Lippo Cikarang Tbk (Utama)
SAME,Sarana Meditama Metropolitan T (Utama)
TBLA,Tunas Baru Lampung Tbk. (Utama)
FAST,Fast Food Indonesia Tbk. (Pengembangan)
IFII,Indonesia Fibreboard Industry (Pengembangan)
TPMA,Trans Power Marine Tbk. (Utama)
STAA,Sumber Tani Agung Resources Tb (Utama)
WINS,Wintermar Offshore Marine Tbk. (Utama)
MKNT,Mitra Komunikasi Nusantara Tbk (Pemantauan Khusus)
MERI,Merry Riana Edukasi Tbk. (Pengembangan)
BIRD,Blue Bird Tbk. (Utama)
URBN,Urban Jakarta Propertindo Tbk. (Pengembangan)
DKFT,Central Omega Resources Tbk. (Utama)
CBRE,Cakra Buana Resources Energi T (Pengembangan)
BBRM,Pelayaran Nasional Bina Buana (Pengembangan)
PTPW,Pratama Widya Tbk. (Pengembangan)
BABY,Multitrend Indo Tbk. (Pengembangan)
ASPI,Andalan Sakti Primaindo Tbk. (Pengembangan)
PALM,Provident Investasi Bersama Tb (Utama)
ARTI,Ratu Prabu Energi Tbk (Pemantauan Khusus)
GMFI,Garuda Maintenance Facility Ae (Pengembangan)
PTIS,Indo Straits Tbk. (Pengembangan)
SRIL,Sri Rejeki Isman Tbk. (Pemantauan Khusus)
ASLC,Autopedia Sukses Lestari Tbk. (Pengembangan)
TSPC,Tempo Scan Pacific Tbk. (Utama)
ITIC,Indonesian Tobacco Tbk. (Pengembangan)
MERK,Merck Tbk. (Utama)
CBDK,Bangun Kosambi Sukses Tbk. (Utama)
ABMM,ABM Investama Tbk. (Utama)
GEMA,Gema Grahasarana Tbk. (Pengembangan)
TRIS,Trisula International Tbk. (Pengembangan)
GTSI,GTS Internasional Tbk. (Pengembangan)
WINE,Hatten Bali Tbk. (Pengembangan)
GSMF,Equity Development Investment (Pengembangan)
DFAM,Dafam Property Indonesia Tbk. (Pengembangan)
OBAT,Brigit Biofarmaka Teknologi Tb (Pengembangan)
KKES,Kusuma Kemindo Sentosa Tbk. (Pengembangan)
BIKE,Bhineka Inovasi Ketahanan Ener (Pengembangan)
BNGA,Bank CIMB Niaga Tbk. (Utama)
ZONE,Mega Perintis Tbk. (Pengembangan)
MDIY,Daya Intiguna Yasa Tbk. (Utama)
MDRN,Modern Internasional Tbk. (Pemantauan Khusus)
TOSK,Topindo Solusi Komunika Tbk. (Pengembangan)
ADCP,Adhi Commuter Properti Tbk. (Pengembangan)
WOWS,Ginting Jaya Energi Tbk. (Pengembangan)
HEAL,Medikaloka Hermina Tbk. (Utama)
TUGU,Asuransi Tugu Pratama Indonesi (Utama)
AMAN,Makmur Berkah Amanda Tbk. (Pengembangan)
BSWD,Bank Of India Indonesia Tbk. (Pengembangan)
SILO,Siloam International Hospitals (Utama)
BMRI,Bank Mandiri (Persero) Tbk. (Utama)
DEPO,Caturkarda Depo Bangunan Tbk. (Pengembangan)
HRTA,Hartadinata Abadi Tbk. (Utama)
OPMS,Optima Prima Metal Sinergi Tbk (Pengembangan)
ICBP,Indofood CBP Sukses Makmur Tbk (Utama)
IKAI,Intikeramik Alamasri Industri (Utama)
RISE,Jaya Sukses Makmur Sentosa Tbk (Pengembangan)
MGRO,Mahkota Group Tbk. (Pengembangan)
NTBK,Nusatama Berkah Tbk. (Pengembangan)
PART,Cipta Perdana Lancar Tbk. (Pengembangan)
PLIN,Plaza Indonesia Realty Tbk. (Utama)
BAIK,Bersama Mencapai Puncak Tbk. (Pengembangan)
BELI,Global Digital Niaga Tbk. (Pengembangan)
GOLF,Intra Golflink Resorts Tbk. (Utama)
MKPI,Metropolitan Kentjana Tbk. (Pengembangan)
BLUE,Berkah Prima Perkasa Tbk. (Pengembangan)
KUAS,Ace Oldfields Tbk. (Pengembangan)
BNII,Bank Maybank Indonesia Tbk. (Utama)
CMNT,Cemindo Gemilang Tbk. (Pengembangan)
CASA,Capital Financial Indonesia Tb (Pengembangan)
MFMI,Multifiling Mitra Indonesia Tb (Pengembangan)
GHON,Gihon Telekomunikasi Indonesia (Pengembangan)
IKBI,Sumi Indo Kabel Tbk. (Pengembangan)
IIKP,Inti Agri Resources Tbk (Pengembangan)
KBLV,First Media Tbk. (Pengembangan)
MLIA,Mulia Industrindo Tbk (Utama)
POLL,Pollux Properties Indonesia Tb (Pengembangan)
ARNA,Arwana Citramulia Tbk. (Utama)
MTWI,Malacca Trust Wuwungan Insuran (Pengembangan)
DYAN,Dyandra Media International Tb (Pengembangan)
MDLA,Medela Potentia Tbk. (Utama)
IPTV,MNC Vision Networks Tbk. (Utama)
FPNI,Lotte Chemical Titan Tbk. (Pengembangan)
RELF,Graha Mitra Asia Tbk. (Akselerasi)
WSBP,Waskita Beton Precast Tbk. (Pemantauan Khusus)
BAJA,Saranacentral Bajatama Tbk. (Pengembangan)
BSBK,Wulandari Bangun Laksana Tbk. (Pengembangan)
BELL,Trisula Textile Industries Tbk (Pengembangan)
VICO,Victoria Investama Tbk. (Utama)
TLKM,Telkom Indonesia (Persero) Tbk (Utama)
BAUT,Mitra Angkasa Sejahtera Tbk. (Pengembangan)
BUMI,Bumi Resources Tbk. (Utama)
SIMP,Salim Ivomas Pratama Tbk. (Utama)
INDX,Tanah Laut Tbk (Pengembangan)
BKSW,Bank QNB Indonesia Tbk. (Pengembangan)
JARR,Jhonlin Agro Raya Tbk. (Utama)
TGKA,Tigaraksa Satria Tbk. (Pengembangan)
MHKI,Multi Hanna Kreasindo Tbk. (Pengembangan)
HERO,DFI Retail Nusantara Tbk. (Utama)
INCO,Vale Indonesia Tbk. (Utama)
PSKT,Red Planet Indonesia Tbk. (Pengembangan)
ENRG,Energi Mega Persada Tbk. (Utama)
KMTR,Kirana Megatara Tbk. (Pengembangan)
GOTO,GoTo Gojek Tokopedia Tbk. (Pengembangan)
PMMP,Panca Mitra Multiperdana Tbk. (Pemantauan Khusus)
SMSM,Selamat Sempurna Tbk. (Utama)
NPGF,Nusa Palapa Gemilang Tbk. (Pengembangan)
KOKA,Koka Indonesia Tbk. (Pengembangan)
RCCC,Utama Radar Cahaya Tbk. (Akselerasi)
SRAJ,Sejahteraraya Anugrahjaya Tbk. (Pengembangan)
CSMI,Cipta Selera Murni Tbk. (Pengembangan)
LPLI,Star Pacific Tbk (Pengembangan)
MPMX,Mitra Pinasthika Mustika Tbk. (Utama)
TINS,TIMAH (Persero) Tbk. (Utama)
DLTA,Delta Djakarta Tbk. (Utama)
LABS,UBC Medical Indonesia Tbk. (Pengembangan)
AMAR,Bank Amar Indonesia Tbk. (Utama)
SMDM,Suryamas Dutamakmur Tbk. (Pengembangan)
DMMX,Digital Mediatama Maxima Tbk. (Pengembangan)
AVIA,Avia Avian Tbk. (Utama)
KDSI,Kedawung Setia Industrial Tbk. (Pengembangan)
RELI,Reliance Sekuritas Indonesia T (Pengembangan)
HRME,Menteng Heritage Realty Tbk. (Pengembangan)
FWCT,Wijaya Cahaya Timber Tbk. (Pengembangan)
MPIX,Mitra Pedagang Indonesia Tbk. (Pengembangan)
OMED,Jayamas Medica Industri Tbk. (Utama)
MDLN,Modernland Realty Tbk. (Pengembangan)
YOII,Asuransi Digital Bersama Tbk. (Pengembangan)
HMSP,H.M. Sampoerna Tbk. (Utama)
BOLT,Garuda Metalindo Tbk. (Pengembangan)
ACES,Aspirasi Hidup Indonesia Tbk. (Utama)
AUTO,Astra Otoparts Tbk. (Utama)
INTD,Inter Delta Tbk (Pengembangan)
AMOR,Ashmore Asset Management Indon (Pengembangan)
STAR,Calculus Global Ventures Tbk. (Pengembangan)
MIRA,Mitra International Resources (Pengembangan)
ADMR,Alamtri Minerals Indonesia Tbk (Utama)
TRUK,Guna Timur Raya Tbk. (Pengembangan)
INET,Sinergi Inti Andalan Prima Tbk (Pengembangan)
ARKA,Arkha Jayanti Persada Tbk. (Pengembangan)
CSRA,Cisadane Sawit Raya Tbk. (Pengembangan)
BJTM,Bank Pembangunan Daerah Jawa T (Utama)
